<?xml version="1.0" encoding="utf-8"?>
<edmx:Edmx xmlns:edmx="http://docs.oasis-open.org/odata/ns/edmx" Version="4.0">
    <!-- service -->
    <edmx:Reference Uri="http://redfish.dmtf.org/schemas/v1/ServiceRoot_v1.xml">
      <edmx:Include Namespace="ServiceRoot"/>
      <edmx:Include Namespace="ServiceRoot.v1_18_0"/>
    </edmx:Reference>  

    <edmx:Reference Uri="http://redfish.dmtf.org/schemas/v1/AccountService_v1.xml">
      <edmx:Include Namespace="AccountService"/>
      <edmx:Include Namespace="AccountService.v1_18_0" Alias="AccountService"/>
    </edmx:Reference>  

    <edmx:Reference Uri="http://redfish.dmtf.org/schemas/v1/Chassis_v1.xml">
      <edmx:Include Namespace="Chassis"/>
      <edmx:Include Namespace="Chassis.v1_26_0" Alias="Chassis"/>
    </edmx:Reference>
    
    <edmx:Reference Uri="http://redfish.dmtf.org/schemas/v1/Manager_v1.xml">
      <edmx:Include Namespace="Manager"/> 
      <edmx:Include Namespace="Manager.v1_21_0" Alias="Manager"/> 
    </edmx:Reference>  

    <edmx:Reference Uri="http://redfish.dmtf.org/schemas/v1/SessionService_v1.xml">
      <edmx:Include Namespace="SessionService"/>
      <edmx:Include Namespace="SessionService.v1_2_0" Alias="SessionService"/> 
    </edmx:Reference>  

    <edmx:Reference Uri="http://redfish.dmtf.org/schemas/v1/Session_v1.xml">
      <edmx:Include Namespace="Session"/>
      <edmx:Include Namespace="Session.v1_8_0"/> 
    </edmx:Reference>  
    
    <edmx:Reference Uri="http://redfish.dmtf.org/schemas/v1/SessionCollection_v1.xml">
      <edmx:Include Namespace="SessionCollection" />
    </edmx:Reference> 

    <edmx:Reference Uri="http://redfish.dmtf.org/schemas/v1/TelemetryService_v1.xml">
      <edmx:Include Namespace="TelemetryService"/>  
      <edmx:Include Namespace="TelemetryService.v1_3_4" Alias="TelemetryService"/> 
    </edmx:Reference> 

    <edmx:Reference Uri="http://redfish.dmtf.org/schemas/v1/MetricReport_v1.xml">
      <edmx:Include Namespace="MetricReport"/>  
      <edmx:Include Namespace="MetricReport.v1_5_2" Alias="MetricReport"/> 
    </edmx:Reference> 
    
    <edmx:Reference Uri="http://redfish.dmtf.org/schemas/v1/MetricReportCollection_v1.xml">
      <edmx:Include Namespace="MetricReportCollection"/>
    </edmx:Reference>

    <edmx:Reference Uri="http://redfish.dmtf.org/schemas/v1/ThermalEquipment_v1.xml">
      <edmx:Include Namespace="ThermalEquipment"/>  
      <edmx:Include Namespace="ThermalEquipment.v1_1_2" Alias="ThermalEquipment"/> 
    </edmx:Reference> 

    <edmx:Reference Uri="http://redfish.dmtf.org/schemas/v1/UpdateService_v1.xml">
      <edmx:Include Namespace="UpdateService"/>  
      <edmx:Include Namespace="UpdateService.v1_15_0" Alias="UpdateService"/> 
    </edmx:Reference>  

    <edmx:Reference Uri="http://redfish.dmtf.org/schemas/v1/SoftwareInventory_v1.xml">
      <edmx:Include Namespace="SoftwareInventory"/>  
      <edmx:Include Namespace="SoftwareInventory.v1_11_0"/> 
    </edmx:Reference>  

    <edmx:Reference Uri="http://redfish.dmtf.org/schemas/v1/SoftwareInventoryCollection_v1.xml">
      <edmx:Include Namespace="SoftwareInventoryCollection"/>
    </edmx:Reference>

    <edmx:Reference Uri="http://redfish.dmtf.org/schemas/v1/RedfishExtensions_v1.xml">
          <edmx:Include Namespace="Validation.v1_0_0" Alias="Validation"/>
          <edmx:Include Namespace="RedfishExtensions.v1_0_0" Alias="Redfish"/>
    </edmx:Reference>

    <edmx:Reference Uri="http://redfish.dmtf.org/schemas/v1/Resource_v1.xml">
      <edmx:Include Namespace="Resource" />
      <edmx:Include Namespace="Resource.v1_0_0"/>
    </edmx:Reference>  

    <edmx:Reference Uri="http://redfish.dmtf.org/schemas/v1/Fan_v1.xml">
      <edmx:Include Namespace="Fan.v1_5_2"/>
      <edmx:Include Namespace="Fan"/>
    </edmx:Reference>

    <edmx:Reference Uri="http://redfish.dmtf.org/schemas/v1/FanCollection_v1.xml">
      <edmx:Include Namespace="FanCollection"/>
    </edmx:Reference>

    <edmx:Reference Uri="http://redfish.dmtf.org/schemas/v1/CertificateService_v1.xml">
      <edmx:Include Namespace="CertificateService" />
      <edmx:Include Namespace="CertificateService.v1_0_6"/>
    </edmx:Reference>  

    <edmx:Reference Uri="http://redfish.dmtf.org/schemas/v1/CertificateLocations_v1.xml">
      <edmx:Include Namespace="CertificateLocations" />
      <edmx:Include Namespace="CertificateLocations.v1_0_4"/>
    </edmx:Reference> 

    <edmx:Reference Uri="http://redfish.dmtf.org/schemas/v1/CertificateCollection_v1.xml">
      <edmx:Include Namespace="CertificateCollection" />
    </edmx:Reference> 

    <edmx:Reference Uri="http://redfish.dmtf.org/schemas/v1/Certificate_v1.xml">
      <edmx:Include Namespace="Certificate" />
      <edmx:Include Namespace="Certificate.v1_9_0"/>
    </edmx:Reference> 

    <edmx:Reference Uri="http://redfish.dmtf.org/schemas/v1/TrustedComponent_v1.xml">
      <edmx:Include Namespace="TrustedComponent" />
      <edmx:Include Namespace="TrustedComponent.v1_3_2"/>
    </edmx:Reference> 
    
    <edmx:Reference Uri="http://redfish.dmtf.org/schemas/v1/TrustedComponentCollection_v1.xml">
      <edmx:Include Namespace="TrustedComponentCollection" />
    </edmx:Reference> 
    
    <edmx:Reference Uri="http://redfish.dmtf.org/schemas/v1/EventService_v1.xml">
      <edmx:Include Namespace="EventService" />
      <edmx:Include Namespace="EventService.v1_11_0"/>
    </edmx:Reference>  

    <edmx:Reference Uri="http://redfish.dmtf.org/schemas/v1/EventDestination_v1.xml">
      <edmx:Include Namespace="EventDestination" />
      <edmx:Include Namespace="EventDestination.v1_15_1"/>
    </edmx:Reference>  

    <edmx:Reference Uri="http://redfish.dmtf.org/schemas/v1/EventDestinationCollection_v1.xml">
      <edmx:Include Namespace="EventDestinationCollection" />
    </edmx:Reference>  

    <edmx:Reference Uri="http://redfish.dmtf.org/schemas/v1/SecureBoot_v1.xml">
      <edmx:Include Namespace="SecureBoot" />
      <edmx:Include Namespace="SecureBoot.v1_1_2"/>
    </edmx:Reference>  

    <edmx:Reference Uri="http://redfish.dmtf.org/schemas/v1/SecureBootDatabase_v1.xml">
      <edmx:Include Namespace="SecureBootDatabase" />
      <edmx:Include Namespace="SecureBootDatabase.v1_0_3"/>
    </edmx:Reference>  	   

    <edmx:Reference Uri="http://redfish.dmtf.org/schemas/v1/SecureBootDatabaseCollection_v1.xml">
      <edmx:Include Namespace="SecureBootDatabaseCollection" />
    </edmx:Reference>  	      	

    <edmx:Reference Uri="http://redfish.dmtf.org/schemas/v1/Processor_v1.xml">
      <edmx:Include Namespace="Processor" />
      <edmx:Include Namespace="Processor.v1_20_1"/>
    </edmx:Reference> 

    <edmx:Reference Uri="http://redfish.dmtf.org/schemas/v1/ProcessorCollection_v1.xml">
      <edmx:Include Namespace="ProcessorCollection" />
    </edmx:Reference>       	 

    <edmx:Reference Uri="http://redfish.dmtf.org/schemas/v1/Storage_v1.xml">
      <edmx:Include Namespace="Storage" />
      <edmx:Include Namespace="Storage.v1_18_0"/>
    </edmx:Reference>     

    <edmx:Reference Uri="http://redfish.dmtf.org/schemas/v1/StorageCollection_v1.xml">
      <edmx:Include Namespace="StorageCollection" />
    </edmx:Reference>    

    <edmx:Reference Uri="http://redfish.dmtf.org/schemas/v1/HostInterface_v1.xml">
      <edmx:Include Namespace="HostInterface" />
      <edmx:Include Namespace="HostInterface.v1_3_3"/>
    </edmx:Reference>     

    <edmx:Reference Uri="http://redfish.dmtf.org/schemas/v1/HostInterfaceCollection_v1.xml">
      <edmx:Include Namespace="HostInterfaceCollection" />
    </edmx:Reference>   

    <edmx:Reference Uri="http://redfish.dmtf.org/schemas/v1/LogService_v1.xml">
      <edmx:Include Namespace="LogService" />
      <edmx:Include Namespace="LogService.v1_8_0"/>
    </edmx:Reference>     

    <edmx:Reference Uri="http://redfish.dmtf.org/schemas/v1/LogServiceCollection_v1.xml">
      <edmx:Include Namespace="LogServiceCollection" />
    </edmx:Reference>   

    <edmx:Reference Uri="http://redfish.dmtf.org/schemas/v1/LogEntry_v1.xml">
      <edmx:Include Namespace="LogEntry" />
      <edmx:Include Namespace="LogEntry.v1_18_0"/>
    </edmx:Reference>     

    <edmx:Reference Uri="http://redfish.dmtf.org/schemas/v1/LogEntryCollection_v1.xml">
      <edmx:Include Namespace="LogEntryCollection" />
    </edmx:Reference>   
	

   <edmx:Reference Uri="http://redfish.dmtf.org/schemas/v1/Assembly_v1.xml">
      <edmx:Include Namespace="Assembly" />
      <edmx:Include Namespace="Assembly.v1_5_1"/>
    </edmx:Reference>    

   <edmx:Reference Uri="http://redfish.dmtf.org/schemas/v1/EthernetInterface_v1.xml">
      <edmx:Include Namespace="EthernetInterface" />
      <edmx:Include Namespace="EthernetInterface.v1_12_4"/>
    </edmx:Reference>      

    <edmx:Reference Uri="http://redfish.dmtf.org/schemas/v1/EthernetInterfaceCollection_v1.xml">
      <edmx:Include Namespace="EthernetInterfaceCollection" />
    </edmx:Reference>   

   <edmx:Reference Uri="http://redfish.dmtf.org/schemas/v1/ComponentIntegrity_v1.xml">
      <edmx:Include Namespace="ComponentIntegrity" />
      <edmx:Include Namespace="ComponentIntegrity.v1_3_1"/>
    </edmx:Reference>      

    <edmx:Reference Uri="http://redfish.dmtf.org/schemas/v1/ComponentIntegrityCollection_v1.xml">
      <edmx:Include Namespace="ComponentIntegrityCollection" />
    </edmx:Reference>      

   <edmx:Reference Uri="http://redfish.dmtf.org/schemas/v1/NetworkAdapter_v1.xml">
      <edmx:Include Namespace="NetworkAdapter" />
      <edmx:Include Namespace="NetworkAdapter.v1_11_0"/>
    </edmx:Reference>    

    <edmx:Reference Uri="http://redfish.dmtf.org/schemas/v1/NetworkAdapterCollection_v1.xml">
      <edmx:Include Namespace="NetworkAdapterCollection" />
    </edmx:Reference>    

   <edmx:Reference Uri="http://redfish.dmtf.org/schemas/v1/Port_v1.xml ">
      <edmx:Include Namespace="Port" />
      <edmx:Include Namespace="Port.v1_16_0"/>
    </edmx:Reference>  
    	
    <edmx:Reference Uri="http://redfish.dmtf.org/schemas/v1/PortCollection_v1.xml">
      <edmx:Include Namespace="PortCollection" />
    </edmx:Reference>        

   <edmx:Reference Uri="http://redfish.dmtf.org/schemas/v1/PowerSubsystem_v1.xml ">
      <edmx:Include Namespace="PowerSubsystem" />
      <edmx:Include Namespace="PowerSubsystem.v1_1_3"/>
    </edmx:Reference>    

    <edmx:Reference Uri="http://redfish.dmtf.org/schemas/v1/PowerSupplyCollection_v1.xml">
      <edmx:Include Namespace="PowerSupplyCollection" />
    </edmx:Reference>    

   <edmx:Reference Uri="http://redfish.dmtf.org/schemas/v1/PowerSupplyMetrics_v1.xml">
      <edmx:Include Namespace="PowerSupplyMetrics"/>
      <edmx:Include Namespace="PowerSupplyMetrics.v1_1_2"/>
    </edmx:Reference>    

   <edmx:Reference Uri="http://redfish.dmtf.org/schemas/v1/PowerSupply_v1.xml">
      <edmx:Include Namespace="PowerSupply"/>
      <edmx:Include Namespace="PowerSupply.v1_6_0"/>
    </edmx:Reference>   
	
   <edmx:Reference Uri="http://redfish.dmtf.org/schemas/v1/Power_v1.xml">
      <edmx:Include Namespace="Power"/>
      <edmx:Include Namespace="Power.v1_7_3"/>
    </edmx:Reference>    
    	
   <edmx:Reference Uri="http://redfish.dmtf.org/schemas/v1/Thermal_v1.xml">
      <edmx:Include Namespace="Thermal"/>
      <edmx:Include Namespace="Thermal.v1_7_3"/>
    </edmx:Reference>          

   <edmx:Reference Uri="http://redfish.dmtf.org/schemas/v1/ThermalMetrics_v1.xml">
      <edmx:Include Namespace="ThermalMetrics"/>
      <edmx:Include Namespace="ThermalMetrics.v1_3_2"/>
    </edmx:Reference>  

   <edmx:Reference Uri="http://redfish.dmtf.org/schemas/v1/Drive_v1.xml">
      <edmx:Include Namespace="Drive"/>
      <edmx:Include Namespace="Drive.v1_21_0"/>
    </edmx:Reference>  

   <edmx:Reference Uri="http://redfish.dmtf.org/schemas/v1/DriveCollection_v1.xml">
      <edmx:Include Namespace="DriveCollection"/>
    </edmx:Reference>      

    <edmx:Reference Uri="http://redfish.dmtf.org/schemas/v1/ThermalSubsystem_v1.xml">
      <edmx:Include Namespace="ThermalSubsystem"/>
      <edmx:Include Namespace="ThermalSubsystem.v1_3_3"/>
    </edmx:Reference>  

    <edmx:Reference Uri="http://redfish.dmtf.org/schemas/v1/ActionInfo_v1.xml">
      <edmx:Include Namespace="ActionInfo"/>
      <edmx:Include Namespace="ActionInfo.v1_4_2"/>
    </edmx:Reference>  

    <edmx:Reference Uri="http://redfish.dmtf.org/schemas/v1/CoolantConnector_v1.xml">
      <edmx:Include Namespace="CoolantConnector"/>
      <edmx:Include Namespace="CoolantConnector.v1_1_0"/>
    </edmx:Reference>  

    <edmx:Reference Uri="http://redfish.dmtf.org/schemas/v1/CoolantConnectorCollection_v1.xml">
      <edmx:Include Namespace="CoolantConnectorCollection"/>
    </edmx:Reference>    
    
    <edmx:Reference Uri="http://redfish.dmtf.org/schemas/v1/LeakDetection_v1.xml">
      <edmx:Include Namespace="LeakDetection"/>
      <edmx:Include Namespace="LeakDetection.v1_1_0"/>
    </edmx:Reference>  
    
    <edmx:Reference Uri="http://redfish.dmtf.org/schemas/v1/LeakDetector_v1.xml">
      <edmx:Include Namespace="LeakDetector"/>
      <edmx:Include Namespace="LeakDetector.v1_3_0"/>
    </edmx:Reference>  

    <edmx:Reference Uri="http://redfish.dmtf.org/schemas/v1/LeakDetectorCollection_v1.xml">
      <edmx:Include Namespace="LeakDetectorCollection"/>
    </edmx:Reference>    

     <edmx:Reference Uri="http://redfish.dmtf.org/schemas/v1/CoolingUnit_v1.xml">
      <edmx:Include Namespace="CoolingUnit"/>
      <edmx:Include Namespace="CoolingUnit.v1_2_0"/>
    </edmx:Reference>  

    <edmx:Reference Uri="http://redfish.dmtf.org/schemas/v1/CoolingUnitCollection_v1.xml">
      <edmx:Include Namespace="CoolingUnitCollection"/>
    </edmx:Reference>     

     <edmx:Reference Uri="http://redfish.dmtf.org/schemas/v1/Pump_v1.xml">
      <edmx:Include Namespace="Pump"/>
      <edmx:Include Namespace="Pump.v1_2_0"/>
    </edmx:Reference>  

    <edmx:Reference Uri="http://redfish.dmtf.org/schemas/v1/PumpCollection_v1.xml">
      <edmx:Include Namespace="PumpCollection"/>
    </edmx:Reference>    
  
    <edmx:Reference Uri="http://redfish.dmtf.org/schemas/v1/ManagerNetworkProtocol_v1.xml">
      <edmx:Include Namespace="ManagerNetworkProtocol"/>
      <edmx:Include Namespace="ManagerNetworkProtocol.v1_11_0"/>
    </edmx:Reference>  

    <edmx:Reference Uri="http://redfish.dmtf.org/schemas/v1/ManagerCollection_v1.xml">
      <edmx:Include Namespace="ManagerCollection"/>
    </edmx:Reference>    
    	
    <edmx:Reference Uri="http://redfish.dmtf.org/schemas/v1/Filter_v1.xml">
      <edmx:Include Namespace="Filter"/>
      <edmx:Include Namespace="Filter.v1_0_2"/>
    </edmx:Reference>  
    
    <edmx:Reference Uri="http://redfish.dmtf.org/schemas/v1/FilterCollection_v1.xml">
      <edmx:Include Namespace="FilterCollection"/>
    </edmx:Reference>    

    <edmx:Reference Uri="http://redfish.dmtf.org/schemas/v1/MetricReport_v1.xml">
      <edmx:Include Namespace="MetricReport"/>
      <edmx:Include Namespace="MetricReport.v1_5_2"/>
    </edmx:Reference>   

    <edmx:Reference Uri="http://redfish.dmtf.org/schemas/v1/ControlCollection_v1.xml">
      <edmx:Include Namespace="ControlCollection"/>
    </edmx:Reference>    

    <edmx:Reference Uri="http://redfish.dmtf.org/schemas/v1/Control_v1.xml">
      <edmx:Include Namespace="Control"/>
      <edmx:Include Namespace="Control.v1_6_0"/>
    </edmx:Reference>    	 	
    
  <!-- service -->
  <edmx:DataServices>
    <Schema Namespace="RedfishService" xmlns="http://docs.oasis-open.org/odata/ns/edm">
      <EntityContainer Name="ServiceRoot" Extends="ServiceRoot.v1_18_0.ServiceRoot">

      </EntityContainer>
    </Schema>
  </edmx:DataServices>

</edmx:Edmx>


